Date,Cakes,Pies,Cookies,Smoothies,Coffee,promotion
1/1/2013,79,46,518,60,233,none
1/2/2013,91,50,539,161,427,none
1/3/2013,47,60,222,166,347,none
1/4/2013,89,64,734,153,358,none
1/5/2013,112,73,764,240,392,none
1/6/2013,89,57,922,259,510,none
1/7/2013,70,50,476,120,334,none
1/8/2013,70,48,496,222,316,none
1/9/2013,59,37,587,181,156,none
1/10/2013,71,36,488,178,298,none
1/11/2013,74,50,645,100,490,none
1/12/2013,119,71,438,162,416,none
1/13/2013,90,51,568,137,434,none
1/14/2013,96,48,585,194,573,promotion
1/15/2013,62,56,536,112,287,none
1/16/2013,48,33,336,151,420,none
1/17/2013,58,67,404,166,376,none
1/18/2013,74,74,533,181,456,none
1/19/2013,94,45,470,208,584,none
1/20/2013,97,54,395,231,411,none
1/21/2013,79,36,431,159,308,none
1/22/2013,67,39,276,204,382,none
1/23/2013,81,43,387,184,295,none
1/24/2013,71,42,456,114,365,none
1/25/2013,95,58,647,113,362,none
1/26/2013,95,16,597,178,425,none
1/27/2013,93,66,470,192,355,none
1/28/2013,60,46,590,203,255,none
1/29/2013,79,38,535,141,287,none
1/30/2013,80,40,397,204,382,none
1/31/2013,77,45,508,181,503,none
2/1/2013,71,59,731,236,419,none
2/2/2013,89,62,602,213,329,none
2/3/2013,90,59,536,224,627,none
2/4/2013,81,49,518,127,429,none
2/5/2013,93,54,331,171,328,none
2/6/2013,65,34,406,146,435,none
2/7/2013,61,50,430,160,376,none
2/8/2013,112,70,601,267,581,none
2/9/2013,103,58,411,141,488,none
2/10/2013,113,60,440,187,387,none
2/11/2013,63,43,334,209,236,none
2/12/2013,72,49,424,184,460,none
2/13/2013,93,61,599,218,388,promotion
2/14/2013,63,53,371,118,226,none
2/15/2013,67,50,730,195,523,promotion
2/16/2013,66,71,820,225,568,none
2/17/2013,83,69,611,125,535,none
2/18/2013,84,56,549,179,320,promotion
2/19/2013,77,43,405,206,310,none
2/20/2013,69,59,431,202,509,none
2/21/2013,94,45,632,260,200,promotion
2/22/2013,93,44,689,159,420,none
2/23/2013,70,70,612,244,258,none
2/24/2013,58,51,599,203,331,none
2/25/2013,63,57,502,143,330,none
2/26/2013,68,34,411,99,282,none
2/27/2013,66,56,551,159,445,none
2/28/2013,48,50,470,165,248,none
3/1/2013,73,56,622,119,355,none
3/2/2013,120,84,597,247,506,promotion
3/3/2013,122,52,679,139,506,promotion
3/4/2013,55,42,352,156,297,none
3/5/2013,84,46,513,161,251,none
3/6/2013,75,52,365,100,357,none
3/7/2013,44,45,392,126,317,none
3/8/2013,87,49,653,241,455,none
3/9/2013,128,48,674,168,630,none
3/10/2013,103,59,762,206,481,none
3/11/2013,62,54,356,137,231,none
3/12/2013,92,50,605,171,388,none
3/13/2013,83,52,527,150,485,none
3/14/2013,78,38,439,92,285,none
3/15/2013,67,47,639,246,444,none
3/16/2013,116,51,557,291,381,none
3/17/2013,117,57,718,269,440,promotion
3/18/2013,57,45,520,140,186,none
3/19/2013,71,30,343,130,255,none
3/20/2013,110,43,261,129,304,none
3/21/2013,84,37,420,179,462,none
3/22/2013,81,44,515,224,483,none
3/23/2013,108,68,793,235,375,none
3/24/2013,87,46,585,281,455,none
3/25/2013,80,46,308,117,374,none
3/26/2013,61,37,440,196,322,none
3/27/2013,95,23,529,142,231,none
3/28/2013,61,42,359,68,352,none
3/29/2013,78,41,528,91,460,none
3/30/2013,88,33,817,271,225,none
3/31/2013,78,77,515,172,300,none
4/1/2013,75,37,411,166,335,none
4/2/2013,73,41,417,68,262,none
4/3/2013,76,54,497,215,348,none
4/4/2013,83,46,417,191,500,none
4/5/2013,101,72,519,289,439,none
4/6/2013,94,74,552,247,333,none
4/7/2013,89,53,487,253,435,none
4/8/2013,95,54,594,147,282,promotion
4/9/2013,64,63,284,147,254,none
4/10/2013,75,36,522,149,370,none
4/11/2013,88,39,320,212,263,none
4/12/2013,106,69,445,119,433,none
4/13/2013,101,74,653,215,444,none
4/14/2013,89,52,633,261,518,none
4/15/2013,76,44,491,140,300,none
4/16/2013,74,44,599,164,396,none
4/17/2013,67,52,410,231,295,none
4/18/2013,87,38,564,305,339,none
4/19/2013,107,45,609,288,412,none
4/20/2013,94,75,632,272,444,none
4/21/2013,77,53,606,257,313,none
4/22/2013,73,36,360,180,475,none
4/23/2013,51,47,631,147,253,none
4/24/2013,72,44,460,232,391,none
4/25/2013,59,43,285,162,292,none
4/26/2013,94,78,685,245,621,none
4/27/2013,79,68,400,252,385,none
4/28/2013,64,61,757,216,301,none
4/29/2013,87,43,405,143,309,none
4/30/2013,72,40,403,188,294,none
5/1/2013,71,61,467,178,273,none
5/2/2013,57,49,418,251,295,none
5/3/2013,100,44,434,205,467,none
5/4/2013,84,98,622,346,366,none
5/5/2013,140,41,635,226,372,none
5/6/2013,83,46,588,159,357,none
5/7/2013,118,45,461,201,183,none
5/8/2013,73,43,463,277,257,none
5/9/2013,77,54,552,254,111,none
5/10/2013,95,45,530,248,491,none
5/11/2013,90,52,431,303,525,none
5/12/2013,96,58,395,362,388,none
5/13/2013,90,42,391,193,273,none
5/14/2013,53,52,432,297,248,none
5/15/2013,79,40,581,182,408,none
5/16/2013,66,55,525,195,248,none
5/17/2013,82,50,740,272,276,none
5/18/2013,115,60,710,405,353,none
5/19/2013,61,41,433,300,326,none
5/20/2013,96,45,394,293,516,none
5/21/2013,64,48,363,194,287,none
5/22/2013,77,68,611,145,506,promotion
5/23/2013,80,44,359,153,321,none
5/24/2013,93,57,415,194,424,none
5/25/2013,112,61,568,377,565,none
5/26/2013,100,60,595,257,452,none
5/27/2013,81,47,504,167,418,none
5/28/2013,79,59,460,231,283,none
5/29/2013,66,54,521,254,475,none
5/30/2013,45,59,547,173,419,none
5/31/2013,82,59,305,98,294,none
6/1/2013,93,64,631,297,394,none
6/2/2013,102,59,612,322,456,none
6/3/2013,45,36,417,313,282,none
6/4/2013,58,50,385,198,263,none
6/5/2013,95,43,373,185,438,none
6/6/2013,61,30,513,235,311,none
6/7/2013,56,66,572,423,326,none
6/8/2013,77,76,601,379,617,none
6/9/2013,77,66,579,327,315,none
6/10/2013,83,43,502,112,330,none
6/11/2013,83,56,609,323,422,promotion
6/12/2013,69,32,543,258,312,none
6/13/2013,61,52,322,289,294,none
6/14/2013,76,85,534,385,353,none
6/15/2013,136,66,844,293,398,none
6/16/2013,75,65,604,219,398,none
6/17/2013,89,40,452,211,321,none
6/18/2013,43,40,458,299,344,none
6/19/2013,81,38,489,202,225,none
6/20/2013,61,42,455,237,365,none
6/21/2013,92,68,488,269,436,promotion
6/22/2013,117,75,477,352,424,none
6/23/2013,86,79,681,292,432,none
6/24/2013,78,61,430,212,381,none
6/25/2013,81,61,440,251,327,none
6/26/2013,78,51,303,265,195,none
6/27/2013,79,43,429,234,469,none
6/28/2013,98,67,632,184,495,none
6/29/2013,80,62,791,204,402,none
6/30/2013,113,82,590,147,489,promotion
7/1/2013,76,52,504,347,366,none
7/2/2013,80,46,546,160,291,none
7/3/2013,55,47,369,226,359,none
7/4/2013,77,51,393,247,394,none
7/5/2013,113,81,848,437,327,promotion
7/6/2013,90,58,550,353,357,none
7/7/2013,98,53,885,244,369,none
7/8/2013,60,53,452,279,238,none
7/9/2013,68,37,562,281,412,none
7/10/2013,70,55,483,227,506,none
7/11/2013,76,29,393,316,445,none
7/12/2013,99,52,572,224,327,none
7/13/2013,93,75,580,295,563,none
7/14/2013,123,71,561,389,566,promotion
7/15/2013,77,55,564,172,308,none
7/16/2013,79,41,379,199,302,none
7/17/2013,82,40,411,239,236,none
7/18/2013,85,56,448,221,412,none
7/19/2013,90,77,611,411,442,none
7/20/2013,65,56,613,303,446,none
7/21/2013,114,66,816,149,409,none
7/22/2013,96,54,311,135,365,none
7/23/2013,80,62,268,284,434,none
7/24/2013,67,43,629,265,399,none
7/25/2013,76,52,556,265,421,none
7/26/2013,101,52,640,224,494,none
7/27/2013,136,76,621,511,751,promotion
7/28/2013,93,48,523,339,381,none
7/29/2013,83,61,469,345,402,none
7/30/2013,77,46,453,250,420,none
7/31/2013,70,41,506,198,227,none
8/1/2013,74,44,520,268,358,none
8/2/2013,96,40,507,307,289,none
8/3/2013,78,47,785,277,548,none
8/4/2013,32,58,478,307,366,none
8/5/2013,47,41,391,239,432,none
8/6/2013,58,50,307,277,284,none
8/7/2013,67,56,437,198,214,none
8/8/2013,77,62,462,389,418,promotion
8/9/2013,90,54,586,186,270,none
8/10/2013,123,81,576,291,653,none
8/11/2013,81,58,752,317,371,none
8/12/2013,73,29,309,257,278,none
8/13/2013,85,44,503,192,302,none
8/14/2013,63,48,361,263,273,none
8/15/2013,66,57,608,260,433,promotion
8/16/2013,86,94,274,351,447,none
8/17/2013,87,65,650,439,349,none
8/18/2013,78,79,639,294,570,none
8/19/2013,67,43,370,258,272,none
8/20/2013,60,51,386,179,409,none
8/21/2013,95,72,491,326,356,promotion
8/22/2013,88,41,551,223,431,none
8/23/2013,68,61,548,191,424,none
8/24/2013,92,54,505,349,359,none
8/25/2013,72,46,522,426,259,none
8/26/2013,75,45,366,301,359,none
8/27/2013,73,48,617,271,180,promotion
8/28/2013,62,54,507,261,349,promotion
8/29/2013,52,35,420,183,345,none
8/30/2013,50,61,427,282,386,none
8/31/2013,118,55,547,173,519,none
9/1/2013,108,46,549,316,576,none
9/2/2013,66,32,435,162,339,none
9/3/2013,56,47,693,214,208,promotion
9/4/2013,65,46,371,219,428,none
9/5/2013,42,51,522,231,239,none
9/6/2013,84,63,336,300,256,none
9/7/2013,79,51,691,357,405,none
9/8/2013,88,41,633,177,340,none
9/9/2013,64,49,539,249,331,none
9/10/2013,93,47,402,138,275,none
9/11/2013,73,59,460,234,315,none
9/12/2013,80,42,603,274,198,promotion
9/13/2013,95,50,626,187,589,none
9/14/2013,89,59,725,184,394,none
9/15/2013,98,79,359,316,415,promotion
9/16/2013,67,48,459,247,341,none
9/17/2013,82,40,364,203,258,none
9/18/2013,70,48,310,230,305,none
9/19/2013,75,32,509,216,257,none
9/20/2013,91,46,387,237,477,none
9/21/2013,109,69,460,199,353,none
9/22/2013,91,53,665,161,209,none
9/23/2013,59,42,647,216,394,promotion
9/24/2013,69,47,437,208,267,none
9/25/2013,81,52,247,197,359,none
9/26/2013,81,53,397,200,448,none
9/27/2013,69,46,598,157,329,none
9/28/2013,68,44,702,330,475,none
9/29/2013,89,57,506,207,374,none
9/30/2013,94,46,348,237,438,none
10/1/2013,79,49,504,87,392,none
10/2/2013,71,50,528,232,300,none
10/3/2013,75,66,433,342,288,none
10/4/2013,98,35,743,167,413,none
10/5/2013,104,91,777,191,534,none
10/6/2013,110,53,796,217,378,none
10/7/2013,59,37,551,153,339,none
10/8/2013,58,41,633,192,375,none
10/9/2013,86,58,507,172,253,none
10/10/2013,53,51,539,159,470,none
10/11/2013,76,48,675,207,319,none
10/12/2013,102,69,624,397,432,promotion
10/13/2013,92,75,726,175,441,none
10/14/2013,75,39,480,141,378,none
10/15/2013,85,60,601,166,394,none
10/16/2013,60,51,497,191,389,none
10/17/2013,99,41,453,191,349,none
10/18/2013,101,57,452,176,325,none
10/19/2013,117,98,688,238,373,promotion
10/20/2013,100,81,630,325,448,promotion
10/21/2013,51,50,648,216,324,none
10/22/2013,84,39,596,213,412,promotion
10/23/2013,73,46,304,264,348,none
10/24/2013,70,49,514,50,228,none
10/25/2013,99,57,413,184,432,none
10/26/2013,102,71,564,213,399,none
10/27/2013,63,42,701,261,462,none
10/28/2013,59,42,497,153,204,none
10/29/2013,66,24,456,232,273,none
10/30/2013,74,42,444,115,308,none
10/31/2013,66,43,443,221,305,none
11/1/2013,48,79,512,167,446,none
11/2/2013,73,55,884,243,343,none
11/3/2013,106,62,348,199,380,none
11/4/2013,80,57,485,111,443,none
11/5/2013,84,38,665,182,363,none
11/6/2013,67,46,730,169,328,none
11/7/2013,100,41,636,151,478,promotion
11/8/2013,113,80,543,230,410,none
11/9/2013,114,67,674,206,545,none
11/10/2013,96,40,568,203,382,none
11/11/2013,93,51,446,180,364,none
11/12/2013,101,34,703,154,346,none
11/13/2013,79,52,512,123,394,none
11/14/2013,72,53,497,167,302,none
11/15/2013,96,51,803,160,365,none
11/16/2013,112,63,855,166,554,none
11/17/2013,121,58,694,175,405,none
11/18/2013,73,44,526,197,423,none
11/19/2013,77,49,513,72,355,none
11/20/2013,77,41,388,99,289,none
11/21/2013,79,52,443,149,221,none
11/22/2013,87,44,692,169,439,none
11/23/2013,141,88,645,340,771,promotion
11/24/2013,82,48,575,203,446,none
11/25/2013,64,52,430,200,451,promotion
11/26/2013,73,58,489,152,275,none
11/27/2013,85,65,538,111,426,promotion
11/28/2013,81,57,409,104,403,none
11/29/2013,97,54,647,182,412,none
11/30/2013,116,51,794,183,399,none
12/1/2013,81,29,694,220,367,none
12/2/2013,92,46,358,126,404,none
12/3/2013,78,41,342,154,428,none
12/4/2013,71,51,407,155,195,none
12/5/2013,59,61,360,164,336,none
12/6/2013,98,56,722,311,441,none
12/7/2013,99,71,684,202,217,none
12/8/2013,84,61,534,178,561,none
12/9/2013,86,52,425,103,317,none
12/10/2013,65,54,557,163,446,promotion
12/11/2013,67,36,418,148,373,none
12/12/2013,76,53,476,186,346,none
12/13/2013,103,66,538,201,391,none
12/14/2013,72,61,681,214,449,none
12/15/2013,82,61,515,259,529,none
12/16/2013,84,46,322,148,318,none
12/17/2013,65,43,487,195,300,none
12/18/2013,66,51,478,181,317,none
12/19/2013,93,57,704,224,564,promotion
12/20/2013,90,62,628,237,408,none
12/21/2013,86,65,613,147,310,none
12/22/2013,100,50,532,175,535,none
12/23/2013,58,27,329,133,341,none
12/24/2013,84,49,476,231,357,none
12/25/2013,84,63,591,98,286,promotion
12/26/2013,76,47,455,131,337,none
12/27/2013,96,50,270,149,384,none
12/28/2013,101,76,658,206,518,none
12/29/2013,114,43,514,180,493,none
12/30/2013,85,51,438,157,390,none
12/31/2013,71,51,506,181,363,none
1/1/2014,85,52,475,146,331,none
1/2/2014,56,47,461,129,409,none
1/3/2014,86,71,752,266,536,none
1/4/2014,51,79,354,282,512,none
1/5/2014,75,64,466,205,288,none
1/6/2014,84,62,475,177,379,none
1/7/2014,84,42,408,126,445,none
1/8/2014,85,31,653,178,387,none
1/9/2014,78,56,620,203,326,promotion
1/10/2014,51,51,661,128,375,none
1/11/2014,122,85,644,235,719,promotion
1/12/2014,123,65,556,187,405,none
1/13/2014,71,43,412,70,478,none
1/14/2014,80,46,375,198,302,none
1/15/2014,73,33,671,167,513,promotion
1/16/2014,62,38,508,98,332,none
1/17/2014,87,52,525,185,406,none
1/18/2014,88,71,661,184,609,none
1/19/2014,95,53,441,152,456,none
1/20/2014,89,39,542,174,491,none
1/21/2014,56,39,393,148,328,none
1/22/2014,111,51,461,180,218,promotion
1/23/2014,63,43,426,172,459,none
1/24/2014,85,62,576,150,466,none
1/25/2014,101,43,714,216,419,none
1/26/2014,93,84,407,238,382,none
1/27/2014,94,54,524,224,372,none
1/28/2014,78,43,425,163,327,none
1/29/2014,100,50,487,190,343,none
1/30/2014,77,62,459,181,443,none
1/31/2014,70,62,500,267,505,none
2/1/2014,98,54,754,186,603,none
2/2/2014,92,70,572,209,506,none
2/3/2014,80,71,555,166,284,none
2/4/2014,58,41,554,176,263,none
2/5/2014,90,49,407,75,443,none
2/6/2014,79,49,517,102,320,none
2/7/2014,73,44,397,136,507,none
2/8/2014,87,72,752,180,568,none
2/9/2014,94,68,546,214,582,none
2/10/2014,77,37,462,136,356,none
2/11/2014,60,57,422,160,376,none
2/12/2014,99,50,548,204,365,promotion
2/13/2014,63,44,484,128,397,none
2/14/2014,89,77,660,176,398,none
2/15/2014,121,63,690,125,493,none
2/16/2014,106,66,340,142,374,none
2/17/2014,50,53,495,129,268,promotion
2/18/2014,47,34,564,173,219,none
2/19/2014,63,51,442,193,397,none
2/20/2014,77,51,324,151,392,none
2/21/2014,111,40,510,205,493,none
2/22/2014,67,73,288,200,561,none
2/23/2014,116,45,458,205,506,none
2/24/2014,80,58,680,178,330,none
2/25/2014,90,50,490,205,399,none
2/26/2014,79,39,368,165,282,none
2/27/2014,87,24,525,117,428,none
2/28/2014,90,51,464,240,495,none
3/1/2014,93,86,684,95,405,none
3/2/2014,87,57,818,217,507,none
3/3/2014,97,59,561,167,500,promotion
3/4/2014,70,38,509,174,361,none
3/5/2014,72,64,687,178,401,promotion
3/6/2014,69,66,330,162,320,none
3/7/2014,113,64,679,137,320,none
3/8/2014,100,64,707,253,368,none
3/9/2014,80,64,593,187,299,none
3/10/2014,94,54,505,177,526,promotion
3/11/2014,78,46,324,126,471,none
3/12/2014,47,65,562,123,280,none
3/13/2014,96,71,746,162,468,promotion
3/14/2014,89,59,776,276,516,none
3/15/2014,72,88,596,209,299,none
3/16/2014,75,60,534,227,366,none
3/17/2014,96,38,579,147,486,promotion
3/18/2014,75,44,552,108,254,none
3/19/2014,73,46,651,178,448,none
3/20/2014,56,29,414,169,453,none
3/21/2014,74,40,752,165,471,none
3/22/2014,116,53,760,243,375,none
3/23/2014,80,61,691,246,492,none
3/24/2014,78,58,479,144,245,none
3/25/2014,59,51,582,197,362,none
3/26/2014,58,45,519,206,412,none
3/27/2014,80,55,461,194,286,none
3/28/2014,122,45,561,201,548,none
3/29/2014,98,42,581,186,434,none
3/30/2014,97,60,519,127,397,promotion
3/31/2014,74,53,446,206,346,none
4/1/2014,85,38,420,203,352,none
4/2/2014,76,57,378,186,262,none
4/3/2014,74,53,530,164,382,none
4/4/2014,108,66,522,224,465,none
4/5/2014,109,57,698,286,499,none
4/6/2014,96,46,535,257,531,none
4/7/2014,78,54,541,202,440,none
4/8/2014,61,41,435,162,205,none
4/9/2014,52,34,437,219,348,none
4/10/2014,88,43,529,182,306,none
4/11/2014,107,51,603,199,519,none
4/12/2014,94,53,520,181,592,none
4/13/2014,123,42,624,256,288,none
4/14/2014,90,58,398,175,258,none
4/15/2014,40,48,597,247,214,none
4/16/2014,86,28,516,203,307,none
4/17/2014,89,57,397,183,409,none
4/18/2014,80,59,548,218,224,none
4/19/2014,109,66,499,291,577,none
4/20/2014,86,46,545,265,519,none
4/21/2014,85,65,610,115,410,none
4/22/2014,71,56,448,320,135,none
4/23/2014,100,35,530,215,339,none
4/24/2014,83,46,421,210,338,none
4/25/2014,99,44,424,177,567,none
4/26/2014,110,37,603,311,633,none
4/27/2014,125,44,761,147,344,none
4/28/2014,73,59,529,173,297,none
4/29/2014,85,44,456,143,438,none
4/30/2014,82,31,488,93,396,none
5/1/2014,65,52,552,270,379,promotion
5/2/2014,112,66,523,136,324,none
5/3/2014,122,49,690,449,279,none
5/4/2014,86,36,670,334,275,none
5/5/2014,75,43,460,202,174,none
5/6/2014,98,26,456,205,175,none
5/7/2014,73,57,529,302,271,none
5/8/2014,77,39,397,288,401,none
5/9/2014,90,64,559,249,371,none
5/10/2014,150,77,718,271,505,none
5/11/2014,81,67,629,184,377,none
5/12/2014,77,31,401,120,421,none
5/13/2014,105,44,484,196,338,none
5/14/2014,101,40,686,231,322,promotion
5/15/2014,87,45,545,128,488,promotion
5/16/2014,90,47,250,235,243,none
5/17/2014,94,66,649,357,562,promotion
5/18/2014,106,60,466,267,458,none
5/19/2014,70,67,275,260,308,none
5/20/2014,86,45,364,243,446,none
5/21/2014,78,59,627,313,411,promotion
5/22/2014,83,54,447,244,295,none
5/23/2014,106,50,837,159,370,none
5/24/2014,118,41,296,145,346,none
5/25/2014,97,59,556,255,240,none
5/26/2014,106,28,606,181,345,none
5/27/2014,75,48,480,145,418,none
5/28/2014,82,46,484,279,444,promotion
5/29/2014,77,42,568,150,232,none
5/30/2014,107,54,659,280,420,promotion
5/31/2014,90,75,738,314,312,promotion
6/1/2014,114,42,706,325,494,none
6/2/2014,45,34,374,303,326,none
6/3/2014,85,48,451,323,431,none
6/4/2014,52,54,551,323,290,none
6/5/2014,90,56,504,271,401,none
6/6/2014,112,86,804,440,357,none
6/7/2014,92,70,602,281,460,none
6/8/2014,93,59,517,341,400,none
6/9/2014,79,31,445,210,448,none
6/10/2014,58,34,526,288,458,none
6/11/2014,103,43,449,288,443,none
6/12/2014,75,50,360,264,371,none
6/13/2014,100,51,552,302,497,none
6/14/2014,106,95,896,213,555,promotion
6/15/2014,115,66,512,318,536,none
6/16/2014,68,33,453,218,359,none
6/17/2014,89,39,404,333,340,none
6/18/2014,89,59,311,237,329,none
6/19/2014,83,48,403,181,494,none
6/20/2014,108,79,575,347,283,none
6/21/2014,57,66,794,400,446,none
6/22/2014,139,75,693,320,487,none
6/23/2014,52,47,430,212,291,none
6/24/2014,62,46,447,196,379,none
6/25/2014,91,61,514,244,302,none
6/26/2014,82,37,375,207,380,none
6/27/2014,84,50,376,318,470,none
6/28/2014,88,66,640,253,405,none
6/29/2014,99,62,568,288,497,none
6/30/2014,79,51,398,285,342,none
7/1/2014,88,32,502,197,310,none
7/2/2014,59,51,471,339,338,none
7/3/2014,61,32,493,225,484,none
7/4/2014,81,66,590,386,483,none
7/5/2014,124,56,693,393,219,none
7/6/2014,107,69,1152,420,499,promotion
7/7/2014,52,52,526,247,246,none
7/8/2014,69,36,490,336,448,none
7/9/2014,96,31,481,125,252,promotion
7/10/2014,89,72,609,252,402,promotion
7/11/2014,54,60,468,195,532,none
7/12/2014,133,38,535,322,521,none
7/13/2014,105,48,634,265,324,none
7/14/2014,63,49,537,378,330,none
7/15/2014,104,34,541,370,314,none
7/16/2014,81,45,338,243,352,none
7/17/2014,42,38,396,317,395,none
7/18/2014,116,66,538,335,334,none
7/19/2014,82,56,555,407,490,none
7/20/2014,103,57,590,344,562,none
7/21/2014,85,57,490,238,257,none
7/22/2014,58,43,435,224,398,none
7/23/2014,63,48,479,311,388,none
7/24/2014,84,53,449,281,316,none
7/25/2014,119,56,743,298,135,none
7/26/2014,107,54,438,191,458,none
7/27/2014,122,69,662,298,500,none
7/28/2014,61,45,406,305,396,none
7/29/2014,77,49,392,244,316,none
7/30/2014,59,50,554,172,440,none
7/31/2014,90,68,561,305,272,promotion
8/1/2014,89,59,671,290,421,none
8/2/2014,74,47,707,465,406,none
8/3/2014,87,53,451,412,561,none
8/4/2014,85,59,435,262,428,none
8/5/2014,96,52,533,254,539,promotion
8/6/2014,80,35,295,299,428,none
8/7/2014,64,31,477,146,443,none
8/8/2014,80,90,559,468,486,promotion
8/9/2014,105,73,789,336,504,none
8/10/2014,115,54,714,235,441,none
8/11/2014,95,49,548,304,308,none
8/12/2014,81,32,353,200,347,none
8/13/2014,73,63,445,274,317,none
8/14/2014,95,56,401,237,416,none
8/15/2014,100,67,483,328,475,none
8/16/2014,98,47,655,460,578,promotion
8/17/2014,102,49,559,247,450,none
8/18/2014,85,55,571,209,249,none
8/19/2014,79,51,530,280,334,none
8/20/2014,84,64,482,146,294,none
8/21/2014,88,26,429,186,435,none
8/22/2014,92,32,578,278,478,none
8/23/2014,127,78,701,311,418,none
8/24/2014,126,86,560,551,546,promotion
8/25/2014,78,52,623,327,445,none
8/26/2014,69,68,502,212,499,none
8/27/2014,90,40,490,333,393,none
8/28/2014,86,52,552,277,365,none
8/29/2014,99,45,576,353,442,promotion
8/30/2014,74,59,886,250,615,none
8/31/2014,137,58,698,385,581,promotion
9/1/2014,90,52,351,221,229,none
9/2/2014,108,71,555,212,322,promotion
9/3/2014,82,46,634,133,333,none
9/4/2014,82,34,445,211,214,none
9/5/2014,124,82,759,204,426,none
9/6/2014,90,80,465,312,355,none
9/7/2014,85,42,511,298,303,none
9/8/2014,70,40,467,140,219,none
9/9/2014,94,40,681,210,458,none
9/10/2014,51,46,570,172,347,none
9/11/2014,96,52,294,173,214,none
9/12/2014,105,60,788,157,416,none
9/13/2014,90,95,422,189,443,none
9/14/2014,72,62,576,206,486,none
9/15/2014,86,29,575,288,335,none
9/16/2014,99,37,397,200,360,none
9/17/2014,68,55,395,198,442,none
9/18/2014,43,48,441,251,420,none
9/19/2014,104,68,697,306,334,none
9/20/2014,142,87,555,230,638,promotion
9/21/2014,113,54,656,216,601,none
9/22/2014,68,63,494,256,422,none
9/23/2014,67,60,370,270,374,none
9/24/2014,96,43,590,248,281,none
9/25/2014,95,34,501,180,526,none
9/26/2014,102,53,514,279,338,none
9/27/2014,99,49,769,275,537,none
9/28/2014,81,64,697,138,293,none
9/29/2014,106,43,600,161,435,none
9/30/2014,66,40,626,125,361,none
10/1/2014,87,48,440,193,306,none
10/2/2014,76,29,535,240,402,none
10/3/2014,96,71,631,267,274,none
10/4/2014,102,77,444,230,687,none
10/5/2014,113,53,689,272,617,none
10/6/2014,84,61,585,148,397,none
10/7/2014,75,51,482,176,241,none
10/8/2014,74,22,376,184,461,none
10/9/2014,62,65,625,206,253,none
10/10/2014,86,63,514,225,329,none
10/11/2014,85,58,540,269,491,none
10/12/2014,80,76,385,223,233,none
10/13/2014,63,52,637,209,317,none
10/14/2014,65,49,590,147,366,none
10/15/2014,70,45,532,259,346,none
10/16/2014,103,28,569,314,433,none
10/17/2014,117,45,527,128,567,none
10/18/2014,134,84,941,196,461,none
10/19/2014,79,63,658,196,459,promotion
10/20/2014,106,42,584,141,303,none
10/21/2014,90,44,508,219,233,none
10/22/2014,78,53,403,243,442,none
10/23/2014,82,46,754,202,376,none
10/24/2014,110,78,403,223,543,none
10/25/2014,95,72,582,253,323,none
10/26/2014,93,69,554,271,343,none
10/27/2014,74,46,488,194,347,none
10/28/2014,100,50,528,120,411,none
10/29/2014,59,37,290,123,301,none
10/30/2014,82,41,414,235,482,none
10/31/2014,89,82,552,234,426,none
11/1/2014,119,71,840,233,758,none
11/2/2014,123,68,860,174,427,none
11/3/2014,97,38,377,119,433,none
11/4/2014,74,58,358,165,214,none
11/5/2014,49,49,613,175,306,none
11/6/2014,97,39,636,109,316,none
11/7/2014,76,69,614,209,521,none
11/8/2014,124,78,803,256,404,none
11/9/2014,59,64,722,182,329,none
11/10/2014,75,54,456,120,253,none
11/11/2014,72,33,473,147,295,promotion
11/12/2014,97,62,489,155,210,none
11/13/2014,87,38,425,166,298,none
11/14/2014,96,71,602,217,376,none
11/15/2014,125,88,744,267,500,none
11/16/2014,87,89,649,193,391,none
11/17/2014,69,44,549,151,289,none
11/18/2014,84,47,497,164,214,none
11/19/2014,90,33,584,106,279,none
11/20/2014,62,46,512,85,222,none
11/21/2014,66,64,720,147,535,none
11/22/2014,115,66,745,316,494,none
11/23/2014,69,53,594,144,591,none
11/24/2014,93,46,465,186,435,promotion
11/25/2014,77,49,432,151,356,none
11/26/2014,102,61,558,132,331,none
11/27/2014,63,52,561,92,278,none
11/28/2014,87,55,601,201,471,none
11/29/2014,93,56,746,135,332,none
11/30/2014,77,53,401,190,518,none
12/1/2014,92,56,629,104,409,none
12/2/2014,83,55,464,128,396,none
12/3/2014,71,46,465,142,236,none
12/4/2014,52,56,385,201,328,none
12/5/2014,98,63,582,198,444,none
12/6/2014,114,52,657,277,392,none
12/7/2014,87,50,685,129,488,none
12/8/2014,70,54,577,149,228,none
12/9/2014,110,68,716,239,444,promotion
12/10/2014,86,49,533,220,345,none
12/11/2014,55,63,566,239,306,none
12/12/2014,106,64,686,96,410,none
12/13/2014,143,93,594,342,639,none
12/14/2014,100,67,707,243,277,none
12/15/2014,101,39,423,167,305,none
12/16/2014,76,63,581,202,347,none
12/17/2014,38,40,489,96,433,none
12/18/2014,90,52,387,129,378,none
12/19/2014,80,68,532,236,441,none
12/20/2014,140,62,657,292,473,none
12/21/2014,68,49,391,148,563,none
12/22/2014,73,71,381,171,368,none
12/23/2014,71,43,419,155,352,none
12/24/2014,55,28,647,206,305,none
12/25/2014,90,51,650,115,216,none
12/26/2014,88,67,663,182,375,none
12/27/2014,113,74,600,207,528,none
12/28/2014,88,82,601,156,427,none
12/29/2014,115,48,555,252,338,promotion
12/30/2014,84,43,555,160,339,none
12/31/2014,87,64,337,151,322,none
1/1/2015,88,39,281,155,407,none
1/2/2015,97,35,575,131,420,none
1/3/2015,104,48,742,175,536,none
1/4/2015,85,76,394,196,530,none
1/5/2015,87,52,335,116,362,none
1/6/2015,82,43,458,146,295,none
1/7/2015,96,49,400,173,246,none
1/8/2015,94,43,570,185,445,none
1/9/2015,90,54,526,186,400,none
1/10/2015,111,64,641,198,570,none
1/11/2015,109,67,614,163,451,none
1/12/2015,76,51,410,166,411,none
1/13/2015,75,50,484,143,408,none
1/14/2015,68,41,596,132,345,none
1/15/2015,81,41,491,167,282,none
1/16/2015,110,38,668,148,476,none
1/17/2015,129,66,759,190,309,none
1/18/2015,79,58,580,208,284,none
1/19/2015,76,41,381,125,410,none
1/20/2015,60,40,322,111,294,none
1/21/2015,87,38,559,119,375,none
1/22/2015,80,52,466,154,315,none
1/23/2015,98,73,778,187,417,none
1/24/2015,92,56,702,215,448,none
1/25/2015,109,75,325,193,511,none
1/26/2015,58,63,443,188,346,none
1/27/2015,62,35,423,169,319,none
1/28/2015,83,39,373,173,411,none
1/29/2015,51,57,568,100,463,none
1/30/2015,74,48,629,185,421,none
1/31/2015,116,59,595,184,434,none
2/1/2015,107,72,412,175,424,none
2/2/2015,63,40,513,165,375,none
2/3/2015,86,37,308,138,312,none
2/4/2015,87,61,521,167,337,none
2/5/2015,72,42,578,132,448,none
2/6/2015,89,77,883,189,356,none
2/7/2015,110,67,713,219,397,none
2/8/2015,90,53,845,205,319,none
2/9/2015,96,43,499,179,229,none
2/10/2015,53,54,565,240,435,none
2/11/2015,71,50,463,150,429,none
2/12/2015,107,67,576,119,376,promotion
2/13/2015,89,41,594,205,428,none
2/14/2015,105,64,764,208,712,none
2/15/2015,117,54,387,166,303,none
2/16/2015,86,54,525,151,392,none
2/17/2015,84,43,629,140,406,none
2/18/2015,88,46,530,119,387,none
2/19/2015,102,52,460,216,486,none
2/20/2015,108,70,684,170,518,promotion
2/21/2015,146,56,634,180,393,none
2/22/2015,75,31,459,124,453,none
2/23/2015,104,35,552,114,334,none
2/24/2015,83,53,538,145,358,promotion
2/25/2015,55,45,621,191,257,none
2/26/2015,102,53,365,190,333,none
2/27/2015,101,77,584,229,335,none
2/28/2015,115,73,670,225,389,none
3/1/2015,100,54,648,217,522,none
3/2/2015,116,47,492,193,247,none
3/3/2015,37,41,419,199,453,none
3/4/2015,85,47,393,166,241,none
3/5/2015,61,54,568,123,342,none
3/6/2015,124,66,674,235,492,none
3/7/2015,101,84,581,221,539,none
3/8/2015,77,77,614,237,208,none
3/9/2015,98,43,451,165,426,promotion
3/10/2015,83,49,508,145,448,none
3/11/2015,51,48,397,127,317,none
3/12/2015,70,54,492,171,597,none
3/13/2015,78,49,463,150,244,none
3/14/2015,119,89,751,153,412,none
3/15/2015,77,48,475,212,458,none
3/16/2015,78,54,597,297,380,promotion
3/17/2015,52,77,448,213,397,promotion
3/18/2015,71,57,470,230,164,none
3/19/2015,88,43,530,194,416,none
3/20/2015,108,89,585,250,558,none
3/21/2015,94,72,696,276,319,none
3/22/2015,97,46,708,174,389,none
3/23/2015,54,45,380,161,330,none
3/24/2015,67,48,435,138,272,none
3/25/2015,67,63,348,199,251,none
3/26/2015,78,56,523,118,367,none
3/27/2015,94,66,726,149,608,none
3/28/2015,109,64,686,244,609,none
3/29/2015,127,56,257,236,446,none
3/30/2015,93,55,547,234,427,promotion
3/31/2015,81,39,361,122,429,none
4/1/2015,74,41,457,297,259,none
4/2/2015,73,40,482,199,359,none
4/3/2015,88,41,744,222,584,none
4/4/2015,84,36,711,326,481,none
4/5/2015,71,53,541,294,564,none
4/6/2015,48,33,584,211,232,none
4/7/2015,92,44,576,212,441,none
4/8/2015,74,71,427,194,520,none
4/9/2015,96,54,521,140,316,none
4/10/2015,94,72,324,239,385,none
4/11/2015,87,38,701,291,503,none
4/12/2015,86,61,658,183,540,none
4/13/2015,48,44,485,196,269,none
4/14/2015,67,50,575,145,309,none
4/15/2015,70,55,354,104,212,none
4/16/2015,73,48,616,188,357,none
4/17/2015,98,68,657,243,431,none
4/18/2015,110,72,760,330,431,none
4/19/2015,112,53,481,231,553,none
4/20/2015,64,48,559,206,454,none
4/21/2015,86,47,362,277,484,none
4/22/2015,84,65,511,200,342,none
4/23/2015,83,57,682,301,308,none
4/24/2015,137,68,517,240,398,none
4/25/2015,85,67,705,175,407,none
4/26/2015,112,66,465,237,393,none
4/27/2015,71,69,435,162,280,none
4/28/2015,90,52,444,160,291,none
4/29/2015,81,62,488,253,542,none
4/30/2015,77,39,328,252,275,none
5/1/2015,85,47,571,290,533,none
5/2/2015,111,58,760,171,451,none
5/3/2015,84,58,691,326,553,promotion
5/4/2015,77,37,320,244,262,none
5/5/2015,90,48,556,223,412,none
5/6/2015,83,51,501,183,341,none
5/7/2015,97,44,699,153,290,none
5/8/2015,96,45,744,313,480,none
5/9/2015,113,58,917,351,323,none
5/10/2015,51,52,678,330,268,none
5/11/2015,92,50,487,282,615,promotion
5/12/2015,107,45,444,287,286,none
5/13/2015,59,51,598,262,177,none
5/14/2015,107,64,642,221,395,none
5/15/2015,138,60,704,174,160,none
5/16/2015,103,66,487,283,543,none
5/17/2015,108,65,277,310,251,none
5/18/2015,67,51,300,249,460,none
5/19/2015,73,57,340,236,413,none
5/20/2015,74,44,423,65,278,none
5/21/2015,54,22,457,266,303,none
5/22/2015,108,57,665,334,303,none
5/23/2015,165,69,736,312,550,promotion
5/24/2015,82,68,768,185,570,none
5/25/2015,102,61,569,159,366,promotion
5/26/2015,91,49,391,97,261,none
5/27/2015,94,30,543,219,506,none
5/28/2015,90,50,546,212,380,none
5/29/2015,110,65,759,263,489,none
5/30/2015,99,54,716,419,429,none
5/31/2015,81,56,525,233,621,none
6/1/2015,56,29,398,336,261,none
6/2/2015,58,37,428,259,510,none
6/3/2015,63,39,539,244,350,none
6/4/2015,88,43,623,316,314,none
6/5/2015,115,75,750,290,367,none
6/6/2015,89,87,684,434,459,none
6/7/2015,118,55,563,181,462,none
6/8/2015,97,53,394,316,386,none
6/9/2015,115,39,553,326,499,promotion
6/10/2015,55,52,453,241,300,none
6/11/2015,89,59,515,281,373,none
6/12/2015,95,63,625,274,370,none
6/13/2015,118,42,638,260,634,none
6/14/2015,113,67,477,227,349,none
6/15/2015,82,54,548,276,369,none
6/16/2015,65,37,622,351,228,promotion
6/17/2015,81,61,548,381,440,none
6/18/2015,104,49,519,271,323,none
6/19/2015,115,57,621,331,521,none
6/20/2015,136,61,600,377,480,none
6/21/2015,118,67,595,241,349,none
6/22/2015,59,61,551,249,318,none
6/23/2015,80,54,505,276,395,none
6/24/2015,101,59,469,186,201,none
6/25/2015,76,35,501,157,325,none
6/26/2015,90,64,602,317,434,none
6/27/2015,106,41,390,251,451,none
6/28/2015,116,64,364,232,365,none
6/29/2015,85,46,395,283,291,none
6/30/2015,65,62,442,361,329,none
7/1/2015,85,25,397,256,394,none
7/2/2015,76,39,415,368,233,none
7/3/2015,114,61,514,269,476,none
7/4/2015,121,58,814,162,306,none
7/5/2015,126,59,606,337,555,promotion
7/6/2015,74,45,699,290,359,none
7/7/2015,73,57,645,238,368,none
7/8/2015,79,56,521,252,344,none
7/9/2015,81,50,383,274,378,none
7/10/2015,74,66,564,421,621,none
7/11/2015,126,64,868,477,505,promotion
7/12/2015,107,38,640,354,482,none
7/13/2015,97,44,366,233,313,none
7/14/2015,91,69,525,308,167,none
7/15/2015,67,36,373,258,402,none
7/16/2015,61,42,581,232,491,none
7/17/2015,114,60,627,387,734,promotion
7/18/2015,105,33,635,214,516,none
7/19/2015,113,72,688,302,397,none
7/20/2015,97,46,388,205,388,none
7/21/2015,65,42,473,220,469,none
7/22/2015,94,44,475,232,514,none
7/23/2015,65,54,487,265,287,none
7/24/2015,130,56,678,301,543,none
7/25/2015,114,73,623,361,534,none
7/26/2015,82,61,526,514,386,none
7/27/2015,92,48,615,211,344,none
7/28/2015,51,50,493,307,338,none
7/29/2015,94,69,473,386,378,promotion
7/30/2015,87,43,334,229,441,none
7/31/2015,47,55,538,293,272,none
8/1/2015,109,81,538,417,556,none
8/2/2015,77,54,340,356,251,none
8/3/2015,69,59,595,261,309,promotion
8/4/2015,67,48,612,200,466,none
8/5/2015,69,47,544,320,438,none
8/6/2015,103,61,460,212,375,none
8/7/2015,86,46,749,416,404,promotion
8/8/2015,61,67,662,326,417,none
8/9/2015,114,73,526,357,403,none
8/10/2015,43,46,419,259,311,none
8/11/2015,86,33,380,308,446,none
8/12/2015,57,39,398,161,356,none
8/13/2015,74,45,539,246,504,none
8/14/2015,122,56,496,241,422,none
8/15/2015,119,59,470,249,401,none
8/16/2015,95,57,570,248,406,none
8/17/2015,100,55,643,105,470,promotion
8/18/2015,91,56,656,295,428,none
8/19/2015,64,48,702,239,225,none
8/20/2015,81,53,534,221,308,none
8/21/2015,100,76,787,275,277,none
8/22/2015,71,69,913,272,404,none
8/23/2015,88,85,846,265,607,none
8/24/2015,74,53,588,261,323,promotion
8/25/2015,103,58,474,382,526,none
8/26/2015,66,37,669,316,442,promotion
8/27/2015,87,51,381,304,348,none
8/28/2015,81,67,657,441,432,promotion
8/29/2015,144,65,695,378,611,none
8/30/2015,147,74,692,335,343,none
8/31/2015,84,57,484,208,430,none
9/1/2015,78,37,415,272,386,none
9/2/2015,91,50,577,159,403,none
9/3/2015,72,65,536,131,390,none
9/4/2015,92,42,686,333,409,none
9/5/2015,104,74,619,191,545,none
9/6/2015,116,51,785,277,525,none
9/7/2015,66,47,593,134,316,none
9/8/2015,54,48,584,235,230,none
9/9/2015,71,29,576,211,304,none
9/10/2015,101,38,656,124,500,none
9/11/2015,132,61,640,228,254,none
9/12/2015,115,72,777,299,334,none
9/13/2015,108,66,762,251,509,none
9/14/2015,76,38,543,139,417,none
9/15/2015,129,42,746,243,463,promotion
9/16/2015,70,36,434,182,206,none
9/17/2015,81,59,399,222,460,none
9/18/2015,109,29,621,176,453,none
9/19/2015,117,77,818,377,495,promotion
9/20/2015,88,76,651,244,451,none
9/21/2015,153,62,545,258,528,promotion
9/22/2015,78,46,510,202,410,none
9/23/2015,79,53,618,250,351,none
9/24/2015,101,57,532,205,368,none
9/25/2015,98,51,445,143,547,none
9/26/2015,94,79,977,315,557,none
9/27/2015,109,62,718,140,431,none
9/28/2015,70,44,462,217,272,none
9/29/2015,64,44,369,143,260,none
9/30/2015,77,63,636,174,253,none
10/1/2015,86,44,602,267,436,none
10/2/2015,138,71,635,260,387,promotion
10/3/2015,113,63,966,268,634,none
10/4/2015,85,68,682,208,450,none
10/5/2015,71,39,653,262,424,none
10/6/2015,69,49,275,150,456,none
10/7/2015,81,40,849,243,348,none
10/8/2015,70,32,534,230,246,none
10/9/2015,92,91,719,216,685,promotion
10/10/2015,105,71,567,338,475,none
10/11/2015,141,38,515,290,453,none
10/12/2015,50,33,470,234,372,none
10/13/2015,61,44,539,228,354,none
10/14/2015,115,45,537,176,448,promotion
10/15/2015,82,42,549,192,492,none
10/16/2015,124,84,573,261,463,none
10/17/2015,70,76,566,349,686,none
10/18/2015,119,82,584,269,543,none
10/19/2015,69,37,589,187,298,none
10/20/2015,67,38,650,161,337,none
10/21/2015,90,47,386,203,316,none
10/22/2015,94,64,506,235,316,none
10/23/2015,108,45,826,275,361,none
10/24/2015,63,82,689,275,370,none
10/25/2015,86,87,465,280,528,none
10/26/2015,91,62,386,110,379,none
10/27/2015,97,44,310,137,287,none
10/28/2015,69,54,358,176,531,none
10/29/2015,93,61,581,73,303,none
10/30/2015,91,77,348,258,345,none
10/31/2015,135,52,441,221,340,none
11/1/2015,88,80,981,123,417,promotion
11/2/2015,74,39,462,149,286,none
11/3/2015,81,48,403,138,419,none
11/4/2015,82,37,452,160,234,none
11/5/2015,73,38,514,223,344,none
11/6/2015,83,57,533,245,469,none
11/7/2015,105,73,612,166,333,none
11/8/2015,75,62,646,189,473,promotion
11/9/2015,118,46,523,247,336,promotion
11/10/2015,85,66,713,172,404,none
11/11/2015,96,38,628,157,237,none
11/12/2015,92,52,485,142,271,none
11/13/2015,96,48,614,169,265,none
11/14/2015,132,35,792,147,580,none
11/15/2015,115,32,529,83,425,none
11/16/2015,96,66,472,172,480,promotion
11/17/2015,95,45,699,165,572,none
11/18/2015,59,59,375,180,436,none
11/19/2015,86,63,384,115,369,none
11/20/2015,89,73,490,224,570,none
11/21/2015,113,74,799,308,470,none
11/22/2015,105,44,564,225,269,none
11/23/2015,88,40,285,179,318,none
11/24/2015,74,41,355,124,332,none
11/25/2015,75,52,467,176,461,none
11/26/2015,97,53,554,122,344,none
11/27/2015,83,67,559,191,391,none
11/28/2015,113,86,596,197,389,none
11/29/2015,104,63,532,196,626,none
11/30/2015,82,54,329,145,659,none
12/1/2015,85,52,361,148,368,none
12/2/2015,59,61,398,156,358,none
12/3/2015,87,47,345,165,439,none
12/4/2015,109,61,678,192,624,none
12/5/2015,115,51,535,156,547,none
12/6/2015,109,45,734,199,453,promotion
12/7/2015,129,72,846,185,384,promotion
12/8/2015,79,48,467,188,317,none
12/9/2015,85,51,562,134,434,none
12/10/2015,99,48,728,164,445,none
12/11/2015,156,70,907,274,504,promotion
12/12/2015,53,58,590,262,423,none
12/13/2015,78,77,707,185,490,none
12/14/2015,72,70,404,198,380,none
12/15/2015,107,60,444,174,272,none
12/16/2015,77,48,598,155,419,none
12/17/2015,65,54,638,107,341,none
12/18/2015,103,63,402,154,327,none
12/19/2015,148,76,589,168,439,none
12/20/2015,106,62,657,151,477,none
12/21/2015,73,46,570,156,238,none
12/22/2015,103,53,420,134,420,none
12/23/2015,72,44,505,156,375,none
12/24/2015,87,46,564,237,405,none
12/25/2015,90,37,838,240,581,none
12/26/2015,113,46,445,255,488,none
12/27/2015,136,49,700,265,483,none
12/28/2015,77,45,605,69,408,none
12/29/2015,93,56,508,185,452,none
12/30/2015,62,28,458,141,356,none
12/31/2015,65,56,491,190,446,none
